test@test.com
baburamjaishi05@gmal.com
1234@1234.com
7tntore4hedtvbogcpf2sefnlq-00@cloudtestlabaccounts.com
test123@test.com
test@test.com
baburamjaishi05@gmal.com
test@test.com
baburamjaishi05@gmal.com
test@test.com
baburamjaishi05@gmal.com
amitgmail.com
dgphalmagar@gmail.col,,
kharelsaphal404@gmail.con,,
dipaktamang111352@gmli.com,,
Date,Day,"9:00 AM- 2.00 PM",,,
"ECCD Officer:",,,,CCCS:,
As,a,lead,"developer,",I,have,a,good,idea,to,make,a,long,term,relationship,with,reliable,senior,developers.,,,,,,,,,,,,,,,,,,,,,,,,,,,,,,,,,,,,,,,,,,,,,,,,,,,,,,,,,,,,,,,,,,,,,,,,,,,,,,,,,,,,,,,,,,,,,,,,,,,,,,,,,,,,,,,,,,,,,,,,,,,,,,,
This,is,my,resume.,,,,,,,,,,,,,,,,,,,,,,,,,,,,,,,,,,,,,,,,,,,,,,,,,,,,,,,,,,,,,,,,,,,,,,,,,,,,,,,,,,,,,,,,,,,,,,,,,,,,,,,,,,,,,,,,,,,,,,,,,,,,,,,,,,,,,,,,,,,,,,
Maxsim-CV.docx,,,,,,,,,,,,,,,,,,,,,,,,,,,,,,,,,,,,,,,,,,,,,,,,,,,,,,,,,,,,,,,,,,,,,,,,,,,,,,,,,,,,,,,,,,,,,,,,,,,,,,,,,,,,,,,,,,,,,,,,,,,,,,,,,,,,,,,,,,,,,,,,,
But,no,problem,if,you,are,not,a,senior,developer.,"Actually,",this,position,doesn’t,require,any,skills.,,,,,,,,,,,,,,,,,,,,,,,,,,,,,,,,,,,,,,,,,,,,,,,,,,,,,,,,,,,,,,,,,,,,,,,,,,,,,,,,,,,,,,,,,,,,,,,,,,,,,,,,,,,,,,,,,,,,,,,,,,,,,,,,,
I’m,looking,for,colleagues,to,work,for,a,long,time,because,of,COVID-19,🙂,,,,,,,,,,,,,,,,,,,,,,,,,,,,,,,,,,,,,,,,,,,,,,,,,,,,,,,,,,,,,,,,,,,,,,,,,,,,,,,,,,,,,,,,,,,,,,,,,,,,,,,,,,,,,,,,,,,,,,,,,,,,,,,,,,,,
I,have,over,8,years,of,experience,in,web,and,mobile,development.,I,have,worked,on,one,of,the,top,freelancing,sites,-,Upwork.com.,During,these,"periods,",I,was,very,familiar,with,working,and,getting,contracts,on,Upwork.com.,"Still,","unfortunately,",my,accounts,were,permanently,"suspended,",and,I,couldn't,create,other,accounts,with,my,real,info.,According,to,my,"research,",Upwork.com,has,a,high-security,and,strict,privacy,policy,to,prevent,fake,developers,and,satisfy,all,requirements,of,clients.,And,it,requires,full,verification(video,verification,and,ID,verification),to,verify,a,real,person,after,getting,a,first,contract,on,it.,"Also,",it,seems,to,track,"IP,",physical,"addresses,",and,cookie,info,to,confirm,that,all,users,are,reliable.,Continued,to,say,about,my,account's,"suspension,",and,my,accounts,were,suspended,because,I,had,discussed,outside-work,with,the,"clients,",and,the,privacy,team,found,out,no-allowed,behavior,from,me.
I,would,like,to,suggest,you,collaborate,for,a,long,time.,To,be,"honest,",it,is,okay,for,me,to,use,your,account,on,Upwork.com.,I,know,many,secrets,to,achieve,success,on,Upwork.com,within,a,short,"period,",and,a,few,reliable,US,residents,are,still,working,with,me,this,way.,In,this,type,of,"collaboration,",the,most,important,thing,is,trust.,,,,,,,,,,,,,,,,,,,,,,,,,,,,,,,,,,,,,,,,,,,,,,,,,,,,,,,,,,,,,,,,,,,,,,,,,,,,,,,,,,,,
Trust,"is,",in,"fact,",the,keystone,of,successful,commercial,transactions.,I,have,already,lost,a,lot,of,money,because,of,some,scammers.,Bull,shit!,But,they,didn't,know,important,facts.,If,they,worked,with,me,for,a,long,"time,",they,would,earn,much,more,money.,Some,unwise,people,see,me,as,a,scammer,but,it,is,a,very,wrong,preconception.,,,,,,,,,,,,,,,,,,,,,,,,,,,,,,,,,,,,,,,,,,,,,,,,,,,,,,,,,,,,,,,,,,,,,,,,,,,,,,,,,,,,,,
Your,benefits:,,,,,,,,,,,,,,,,,,,,,,,,,,,,,,,,,,,,,,,,,,,,,,,,,,,,,,,,,,,,,,,,,,,,,,,,,,,,,,,,,,,,,,,,,,,,,,,,,,,,,,,,,,,,,,,,,,,,,,,,,,,,,,,,,,,,,,,,,,,,,,,,
If,you,already,have,your,Upwork,account,which,is,not,"verified,",I,will,pay,10%,of,income,(minimum,$150).,,,,,,,,,,,,,,,,,,,,,,,,,,,,,,,,,,,,,,,,,,,,,,,,,,,,,,,,,,,,,,,,,,,,,,,,,,,,,,,,,,,,,,,,,,,,,,,,,,,,,,,,,,,,,,,,,,,,,,,,,,,,,,,
If,you,already,have,your,full-verified,Upwork,"account,",I,will,pay,15~16%,of,income,(minimum,$150).,,,,,,,,,,,,,,,,,,,,,,,,,,,,,,,,,,,,,,,,,,,,,,,,,,,,,,,,,,,,,,,,,,,,,,,,,,,,,,,,,,,,,,,,,,,,,,,,,,,,,,,,,,,,,,,,,,,,,,,,,,,,,,,,,,
If,you,don’t,have,your,Upwork,"account,",I,will,pay,$100,for,the,first,three,months.,After,three,"months,",I,will,pay,10~15%,of,income,(minimum,$150).,,,,,,,,,,,,,,,,,,,,,,,,,,,,,,,,,,,,,,,,,,,,,,,,,,,,,,,,,,,,,,,,,,,,,,,,,,,,,,,,,,,,,,,,,,,,,,,,,,,,,,,,,,,,,,,,,,,,,,,
If,you,are,a,US,"resident,",I,will,pay,the,tax,of,Upwork,income.,,,,,,,,,,,,,,,,,,,,,,,,,,,,,,,,,,,,,,,,,,,,,,,,,,,,,,,,,,,,,,,,,,,,,,,,,,,,,,,,,,,,,,,,,,,,,,,,,,,,,,,,,,,,,,,,,,,,,,,,,,,,,,,,,,,,
Additionally,I,can,use,your,freelancer,account,if,you,are,okay,and,we,can,discuss,about,it,in,detail,in,chat,,,,,,,,,,,,,,,,,,,,,,,,,,,,,,,,,,,,,,,,,,,,,,,,,,,,,,,,,,,,,,,,,,,,,,,,,,,,,,,,,,,,,,,,,,,,,,,,,,,,,,,,,,,,,,,,,,,,,,,,,,,,,
My,advantages:,,,,,,,,,,,,,,,,,,,,,,,,,,,,,,,,,,,,,,,,,,,,,,,,,,,,,,,,,,,,,,,,,,,,,,,,,,,,,,,,,,,,,,,,,,,,,,,,,,,,,,,,,,,,,,,,,,,,,,,,,,,,,,,,,,,,,,,,,,,,,,,,
Good,communications,from,11:00,am,to,6:00,pm,on,EST,time,zone,,,,,,,,,,,,,,,,,,,,,,,,,,,,,,,,,,,,,,,,,,,,,,,,,,,,,,,,,,,,,,,,,,,,,,,,,,,,,,,,,,,,,,,,,,,,,,,,,,,,,,,,,,,,,,,,,,,,,,,,,,,,,,,,,,,,,,
Payment,guarantee,per,month,(If,I,don’t,pay,"you,",you,can,stop,sharing,your,pc,and,account.),,,,,,,,,,,,,,,,,,,,,,,,,,,,,,,,,,,,,,,,,,,,,,,,,,,,,,,,,,,,,,,,,,,,,,,,,,,,,,,,,,,,,,,,,,,,,,,,,,,,,,,,,,,,,,,,,,,,,,,,,,,,,,,,,
Great,collaboration,,,,,,,,,,,,,,,,,,,,,,,,,,,,,,,,,,,,,,,,,,,,,,,,,,,,,,,,,,,,,,,,,,,,,,,,,,,,,,,,,,,,,,,,,,,,,,,,,,,,,,,,,,,,,,,,,,,,,,,,,,,,,,,,,,,,,,,,,,,,,,,,
Caution:,,,,,,,,,,,,,,,,,,,,,,,,,,,,,,,,,,,,,,,,,,,,,,,,,,,,,,,,,,,,,,,,,,,,,,,,,,,,,,,,,,,,,,,,,,,,,,,,,,,,,,,,,,,,,,,,,,,,,,,,,,,,,,,,,,,,,,,,,,,,,,,,,
If,you,have,ever,created,your,Upwork,account,and,your,account,has,been,permanently,"suspended,",please,don’t,contact,me.,,,,,,,,,,,,,,,,,,,,,,,,,,,,,,,,,,,,,,,,,,,,,,,,,,,,,,,,,,,,,,,,,,,,,,,,,,,,,,,,,,,,,,,,,,,,,,,,,,,,,,,,,,,,,,,,,,,,,,,,,,,,,,,
As,I,"mentioned,",you,can,create,only,one,Upwork,account,with,your,real,info.,So,if,you,make,a,final,decision,to,collaborate,with,me,for,a,long,"time,",you,shouldn’t,create,another,one,with,someone.,If,"then,",your,original,account,will,be,permanently,suspended,and,you,can,earn,nothing.,Of,"course,",our,collaboration,will,be,over,soon.,,,,,,,,,,,,,,,,,,,,,,,,,,,,,,,,,,,,,,,,,,,,,,,,,,,,,,,,,,,,,,,,,,,,,,,,,,,,,,,,,,,,,,,,
--------------------------------------------,,,,,,,,,,,,,,,,,,,,,,,,,,,,,,,,,,,,,,,,,,,,,,,,,,,,,,,,,,,,,,,,,,,,,,,,,,,,,,,,,,,,,,,,,,,,,,,,,,,,,,,,,,,,,,,,,,,,,,,,,,,,,,,,,,,,,,,,,,,,,,,,,
I,am,senior,software,engineer,with,7+,years,of,experience,and,want,to,get,jobs,on,upwork.com.,,,,,,,,,,,,,,,,,,,,,,,,,,,,,,,,,,,,,,,,,,,,,,,,,,,,,,,,,,,,,,,,,,,,,,,,,,,,,,,,,,,,,,,,,,,,,,,,,,,,,,,,,,,,,,,,,,,,,,,,,,,,,,,,,
Hello,,,,,,,,,,,,,,,,,,,,,,,,,,,,,,,,,,,,,,,,,,,,,,,,,,,,,,,,,,,,,,,,,,,,,,,,,,,,,,,,,,,,,,,,,,,,,,,,,,,,,,,,,,,,,,,,,,,,,,,,,,,,,,,,,,,,,,,,,,,,,,,,,
But,for,me,one,account,is,not,"enough,",so,I,am,finding,partner,who,can,provide,me,account,remotely.,,,,,,,,,,,,,,,,,,,,,,,,,,,,,,,,,,,,,,,,,,,,,,,,,,,,,,,,,,,,,,,,,,,,,,,,,,,,,,,,,,,,,,,,,,,,,,,,,,,,,,,,,,,,,,,,,,,,,,,,,,,,,,,
I,will,buy,your,account,and,I,will,pay,monthly,for,you,using,Paypal,or,Payoneer.,,,,,,,,,,,,,,,,,,,,,,,,,,,,,,,,,,,,,,,,,,,,,,,,,,,,,,,,,,,,,,,,,,,,,,,,,,,,,,,,,,,,,,,,,,,,,,,,,,,,,,,,,,,,,,,,,,,,,,,,,,,,,,,,,,
I,can,pay,10%,of,profit,each,month,to,you,and,at,least,$100,to,you.,,,,,,,,,,,,,,,,,,,,,,,,,,,,,,,,,,,,,,,,,,,,,,,,,,,,,,,,,,,,,,,,,,,,,,,,,,,,,,,,,,,,,,,,,,,,,,,,,,,,,,,,,,,,,,,,,,,,,,,,,,,,,,,,,,
If,you,pass,video,verification,"step,",then,I,will,pay,you,$50,instantly,via,paypal.,,,,,,,,,,,,,,,,,,,,,,,,,,,,,,,,,,,,,,,,,,,,,,,,,,,,,,,,,,,,,,,,,,,,,,,,,,,,,,,,,,,,,,,,,,,,,,,,,,,,,,,,,,,,,,,,,,,,,,,,,,,,,,,,,,,
Do,you,want,to,do,this,kind,of,work,with,me?,,,,,,,,,,,,,,,,,,,,,,,,,,,,,,,,,,,,,,,,,,,,,,,,,,,,,,,,,,,,,,,,,,,,,,,,,,,,,,,,,,,,,,,,,,,,,,,,,,,,,,,,,,,,,,,,,,,,,,,,,,,,,,,,,,,,,,,
13422e4ad@@gmaill.com
asdfasdfasdf95738384@@gmaillll.com
Neha.bharti@dfg.com
usha.kumarid@fff.com
usha.kumarid@fff.com
Neha.bharti@dfg.com
usha.kumarid@fff.com
Neha.bharti@dfg.com
Neha.bharti@dfg.com
usha.kumarid@fff.com
Neha.bharti@dfg.com
usha.kumarid@fff.com
Neha.bharti@dfg.com
usha.kumarid@fff.com
Neha.bharti@dfg.com
usha.kumarid@fff.com
usha.kumarid@fff.com
Neha.bharti@dfg.com
usha.kumarid@fff.com
Neha.bharti@dfg.com
